name,address,note,lat,long,,
Abilene Astronomical Society,Abilene 1817 Jackson St.,15 members,,,,
Alachua Astronomy Club inc.,"Gainesville 2603 NW 13th St, #161",110 members,,,,
Alamogordo Astronomy Club,Alamogordo International Space Hall of Fame - Hwy 2001,505-437-5857,,,,
Albany Area Amateur Astronomers Inc.,Ballston Lake 3 Hawley Drive,140 members,,,,
Aldrich Astronomical Society,"Paxton 50 Sunset Lane, Box S",Founded in 1932,,,,
Allegheny Highland Astronomical Society,Ridgeway P.O. Box 277,(814) 772-0472,,,,
Amarillo Astronomy Club,Amarillo 7813 Simpson Dr.,45 members,,,,
Amateur Astronomers Association of NY,Brooklyn PO Box 150253,650 members,,,,
Amateur Astronomers Assn. of Pittsburgh,Glenshaw P.O. Box 314,550 members,,,,
Amateur Astronomers Assn. of Princeton Inc.,Princeton P.O. Box 2017,155 members,,,,
Amateur Astronomers Inc.,Cranford Union County College - 1033 Springfield Ave.,248 members,,,,
Amateur Astronomers Of Beaver County,PA Beaver County,http://aaobc.com,,,,
Amateur Astronomers of Central Iowa,Tama 1009 Harding St.,50173,,,,
Amateur Astronomers of Jackson,Jackson 910 Edgewood Street,30 members,,,,
Amateur Observers Society of New York,Hempstead Hofstra University,150 members. Meets at Hofstra University,,,,
Amateur Telescope Makers of Boston Inc.,Westford 20 Millstone Hill Rd,350 members,,,,
American Association of Amateur Astronomers,Plano 3131 Custer Road Ste 175,75075,,,,
Ames Area Amateur Astronomers,Ames 3912 Brookdale Cir.,77 members,,,,
Amherst Astronomy Association,Amherst 1403 South East St.,70 members,,,,
Ancient City Astronomy Club,St. Augustine 3609 Crazy Horse Trail,40 members,,,,
Andromeda Astronomical Society,Yucca Valley P.O. Box 8,70 members,,,,
Anne Arundel Assn. of Amateur Astronomers,Arnold 101 College Pkwy.,410-541-2271,,,,
Antelope Valley Astronomy Club,Lancaster P.O. Box 4595,100 members,,,,
Arkansas Valley Astronomical Society,Buena Vista P.O. Box 4559,http://www.fourteenernet.com/avas,,,,
Arrowhead Astronomical Society,Duluth Alworth Planetarium - Univ. of Minnesota-Duluth,30 members,,,,
ASH Edward L. Naylor Astronomical Center,Lewisberry 670 Observatory Dr,http://www.astrohbg.org,,,,
Assn. of Amateur Astronomers,College Station Physics Dept. at Texas A&M Univ.,http://www.isc.tamu.edu/~astro/aaa.,,,,
Astro Scopers,Seminole 8350 81st St. N.,22 members,,,,
AstroCruisers,West Trenton POB 7822,http://www.eyeonthesky.com/astrocru,,,,
Astronomers of Humboldt,Eureka P.O. Box 351,http://www.astrohum.org,,,,
Astronomers of Verde Valley,Cottonwood PO Box 714,70 members,,,,
Astronomical Association of Southern Illinoi,Carbondale 205 S. Canterbury Drive,53 members,,,,
Astronomical Club of Southern West Virginia,Athens Box 28 Concord College,http://www.acswv.org,,,,
Astronomical Institute of the Rockies,Helena 451 Washington St.,20 members,,,,
Astronomical Society,Melbourne Florida Institute of Technology,30 members,,,,
Astronomical Society at Univ. of Illinois,Urbana Astronomy Bldg. - 1002 W. Green St.,100 members,,,,
Astronomical Society of Bay County,Panama City 308 Airport Road,26 members,,,,
Astronomical Society of Greater Hartford,Conventry PO Box 717,105 members,,,,
Astronomical Society of Harrisburg Inc.,Lewisberry PO Box 160,150 members,,,,
Astronomical Society of Hillsdale County,Fremont P.O. Box 39,20 members,,,,
Astronomical Society of Kansas City,Kansas City 7241 Jarboe,300+ members,,,,
Astronomical Society of Las Cruces,Las Cruces P.O. Box 921,80 members,,,,
Astronomical Society of Lenawee & Hillsdale,Manitou Beach 14815 Rome Rd.,25 members,,,,
Astronomical Society of Long Island,NY Vanderbilt Planetarium,100 members. Every Wed except for holidays.,,,,
Northern Colorado Astronomical Society,Fort Collins 408 Mason Ct,60 members,,,,
Astronomical Society of Nevada,Sparks 3300 Sansol Ct.,http://www.astronomynv.org,,,,
Astronomical Society of Nevada,Reno 4275 Settler Drive,70 members,,,,
Astronomical Society of Nevada,NV Las Vegas,http://www.astronomynv.org/vegas/,,,,
Astronomical Society of New Haven Inc.,New Haven P.O. Box 16234,203-874-4816,,,,
Astronomical Society of New York City,Staten Island 153 Arlo Rd.,20 members,,,,
Astronomical Society of Northern New England,Kennebunk P.O. Box 1338,135 members,,,,
Astronomical Society of Northwest Arkansas,Fayetteville 2300 Old Wire Rd.,27 members,,,,
Astronomical Society of Rowan County,Salisbury 3021 Old Mocksville Rd.,15 members,,,,
Astronomical Society of Southern New England,"Rehoboth 4 Locust Ave, Carpenter Museum",100 members,,,,
Astronomical Society of the Central Coast,Marina 200 8th St.,32 members,,,,
Astronomical Society of the Desert,Rancho Mirage P.O. Box 71,http://www.astrorx.org,,,,
Astronomical Society of the Grand Canyon,Grand Canyon P.O. Box 1515,7 members,,,,
Astronomical Society of the Palm Beaches,West Palm Beach P.O. Box 19652,100 members,,,,
Astronomical Society of the Toms River Area,Toms River Novins Planetarium at Ocean County College,96 members,,,,
Astronomical Units,Fairbanks Box 82210,15 members,,,,
Astronomy Associates of Lawrence,Lawrence Dept. of Physics at 1251 Wescoe Hall Dr.,20 members,,,,
Astronomy Club of Akron Inc.,Akron 586 Fairwood Rd,fourth Fri of month at Kiwanis Club of Portage Lakes Civic Center,,,,
Astronomy Club of Asheville,Asheville 853 New Haw Creek Road,115 members,,,,
Astronomy Club of Augusta,Augusta P.O. Box 15712,60 members,,,,
Litchfield Hills Amateur Astronomy Club,CT Litchfield,http://lhastro.org/,,,,
Astronomy Club of Sun City West,Sun City West 17802 N. 131st Ave.,167 members,,,,
Astronomy Club of the Univ. of California at,Davis Physics Dept. at Univ. of California,20 members,,,,
Astronomy Club of Tulsa,Tulsa P.O. Box 470611,150 members,,,,
Astronomy Club of Virginia Tech,Blacksburg Physics Dept.,70 members,,,,
Astronomy Enthusiasts of Lancaster County,Lancaster Museum Planetarium at 400 College Ave,40 members,,,,
Astronomy For Youth Inc,Lucas Horsemans Area at Malabar Farm State Park,Public night is 3rd Sat each month,,,,
Astronomy to Go,Melrose Park 1115 Melrose Ave.,215-831-0485,,,,
Athens Astronomical Assn.,Athens 160 Plantation Dr.,5 members,,,,
Atlanta Astronomy Club Inc.,Marietta 3595 Canton Rd. - Suite A9-305,270 members,,,,
Auburn Astronomical Society,Auburn 254 Lee Rd. 433,20 members,,,,
Austin Astronomical Society,Austin P.O. Box 12831,http://www.austinastro.org,,,,
Back Bay Amateur Astronomers,Virginia Beach P.O. Box 9877,87 members,,,,
Baltimore Astronomical Society,Baltimore Maryland Academy of Science at 601 Light St.,140 members,,,,
Barnard Astronomical Society,Chattanooga 838 Belvoir Hills Dr.,51 members,,,,
Barnard-Seyfert Astronomical Society,Brentwood 1000 Oman Dr.,102 members,,,,
Bartlesville Astronomical Society,Bartlesville Rt. 2 - Box 940,918-333-1966,,,,
Baton Rouge Astronomical Society,Baton Rouge 6348 Double Tree Ct.,http://www.brastro.org,,,,
Battle Point Astronomical Assn.,Bainbridge Island P.O. Box 10914,200 members,,,,
Bay Colony Astronomical Society,Plymouth P.O. Box 1418,23 members,,,,
Bays Mountain Astronomy Club,Kingsport 853 Bays Mountain Park Rd.,50 members,,,,
Beaufort South Carolina Amateur Astronomer,SC Beaufort,http://www.islc.net/~mwlesso/astrono.htm,,,,
Belen Jesuit Prep School Astronomy Club,Miami 500 SW 127th Ave.,305-223-8600,,,,
Berks County Amateur Astronomical Society In,Wyomissing P.O. Box 6150,100 members,,,,
Big Bend Astronomical Society,Alpine HC 65 Box 14,56 members,,,,
Big Sky Astronomy Club,Kalispell P.O. Box 631,25 Members,,,,
Birmingham Astronomical Society,Birmingham 5032 Wendover Dr.,70 members,,,,
Black Canyon Astronomy Club,Montrose P. O. Box 1809,81402-1809,,,,
Black Hills Astronomical Society,Rapid City 4715 Hidden Valley Rd,https://sdbhas.org/,,,,
Black River Astronomical Society,Lorain 1631 Maple Dr.,50 members,,,,
Blue Ridge Astronomy Club,VA Lynchburg,http://www.blueridgeastronomy.org,,,,
Blue Ridge Skywatch Astrophotography Society,Salem 3356 Absalom Smith Road,4 members,,,,
Bluegrass Amateur Astronomy Club,Lexington 1016 Della Dr.,http://www.ms.uky.edu/~bgaac/index.,,,,
Boeing Employees Amateur Astronomers Club -,St. Louis 7320 Chamberlain Ave.,60 members,,,,
Boeing Employees Astronomical Society,Seattle PO Box 3703,120 members,,,,
Boise Astronomical Society,Boise P.O. Box 7002,75 members,,,,
Boothe Astronomical Society,Stratford Boothe Memorial Park at Main St.,20 members,,,,
Boston University Astronomical Society,Boston Dept. of Astronomy at 725 Commonwealth Ave.,60 members,,,,
Bowling Green Sky Gazers,Bowling Green 5024 Ridgeview Dr.,502-842-6008,,,,
Brazosport Astronomical Society,Lake Jackson Nature Center and Planetarium at 400 College Dr.,20 members,,,,
Brevard Astronomical Society Inc.,Cocoa P.O. Box 1084,40 members,,,,
Bridger Valley Astronomical Society,Lyman P.O. Box 456,10 members,,,,
Brigham Young University Astronomical Societ,Provo Dept. of Physics and Astronomy at 263 FB,10 members,,,,
Bristol Astronomy Club,Bristol 4559 Reedy Creek Rd.,25 members,,,,
Bucks-Mont Astronomical Assn.,Chalfont 36 Far-View Rd.,75 members,,,,
Buffalo Astronomical Association,North Java 1610 Welch Road,"100+ members, affiliated with Buffalo Museum of Science",,,,
Cabrillo Astr. Stargazing Society,Aptos Cabrillo College at 6500 Soquel Dr.,24 members,,,,
Caltech SEDS,Pasadena 112-58 Caltech,150 members,,,,
Calumet Astronomical Society,Griffith PO Box 851,150 members,,,,
Campbell County High School Astronomy Club,Gillette 1000 Camel Lane,23 members,,,,
Cannon Valley Astronomical Society,Northfield 417 Winona St.,20 members,,,,
Cape Cod Astronomical Society,Orleans 34 Ridgewood Rd - postal address,65 members,,,,
Cape Fear Astronomical Society,Wilmington 305 N. 21st St.,30 members,,,,
Capital Area Astronomy Club,East Lansing Abrams Planetarium at Michigan State Univ.,60 members,,,,
Carolina Sidewalk Astronomers,Boiling Springs 932 Hanging Rock Road,http://www.geocities.com/spacerocksinc/spacerocksinc.html,,,,
Carolina Skygazers Astronomy Club,Rock Hill Museum of York County at 4621 Mount Gallant Rd.,45 members,,,,
Catawba Valley Astronomy Club,Mooresville 722 Pinewood Circle,55 members,,,,
Cedar Amateur Astronomers,IA Cedar Rapids,100 members,,,,
Cedar Amateur Astronomers Inc.,Swisher 73 Summit Ave. NE,60 members,,,,
Cedar Valley Amateur Astronomers Assn.,Waterloo 503 South St.,319-266-4015,,,,
Celestial Observers,Chatsworth P.O. Box 3524,818-882-6172,,,,
Central Appalachian Astronomy Club,Clarksburg P.O. Box 1862,http://caacwv.com/,,,,
Central Arkansas Astronomical Society,AR Little Rock,40 members,,,,
Central Coast Astronomical Society,San Luis Obispo P.O. Box 1415,90 members,,,,
Central Florida Astronomical Society,Oviedo PO BOX 620907,http://www.cfas.org,,,,
Central Iowa Astronomers Inc.,Indianola 117 W. Hillcrest,4 members,,,,
Central Maine Astronomical Society,Whitefield P.O. Box 10,http://clary.gwi.net/cmas/,,,,
Central Missouri Amateur Astronomers,Columbia Physics Bldg at Univ of Missouri,3rd Sat of each month at 7:30pm,,,,
Central Oregon Astronomical Society,Bend Environmental Center at 16 NW Kansas,45 members,,,,
Central Pennsylvania Observers,State College P.O. Box 947,20 members,,,,
Central Texas Astronomical Society Inc.,Waco 3620 Franklin Ave.,60 members,,,,
Central Texas Star Gazers,Belton 201 Montrose,12 members,,,,
Central Valley Astronomers Inc.,Pinedale P.O. Box 3063,559-264-2645,,,,
Central Wyoming Astronomical Society,Casper 904 N. Poplar St.,24 members,,,,
Centralmo Astronomy Society,Ulm P.O. Box 138,35 members,,,,
Chagrin Valley Astronomical Society,Chagrin Falls P.O. Box 11,40 members,,,,
Champaign-Urbana Astronomical Society,Champaign Parkland College at 2400 West Bradley Ave,75 members,,,,
Chapel Hill Astronomical and Observational S,Chapel Hill PO Box 842,17 members,,,,
Charlotte Amateur Astronomers Club,Matthews 245 Timber Lane,95 members,,,,
Charlottesville Astronomical Society,Charlottesville 3457 Preddy Creek Road,804-975-2888,,,,
Chattahoochee Valley Astronomical Society,Columbus Patterson Planetarium at 2900 Woodruff Farm Rd.,25 members,,,,
Chautauqua and Erie Astronomical Society,Northeast Mercyhurst College at 16 W. Division St.,30 members,,,,
Chesmont Astronomical Society,Limerick 141 Azalea Circle,3rd Sun of each month at 7:00pm,,,,
Chester County Astronomy Society,Thornton 7 Westover Dr.,(610) 268-2616,,,,
Cheyenne Astronomical Society,Cheyenne 3539 Luther Place,85 members,,,,
Chicago Astronomical Society,Chicago P.O. Box 30287,105 members,,,,
China Lake Astronomical Society,Ridgecrest P.O. Box 1783,80 members,,,,
Chippewa Valley Astronomical Society,Eau Claire PO Box 763,53 members,,,,
Chugach Stargazer Society,Anchorage 707 A Street - Suite 201,(907)269-7983,,,,
Cimarron County Star Gazers,Boise City P.O. Box 278,3 members,,,,
Cincinnati Astronomical Society,Cleves 5274 Zion Rd.,460 Members,,,,
City Lights Astronomical Society for Student,Plano 1409 Sequoia Dr.,120 members. Public outreach for students K-12,,,,
Clemson Area Amateur Astronomers,Seneca 1711 Merrimac Circle,35 members,,,,
Cleveland Astronomical Society,Cleveland Museum of Natural History at 1 Wade Oval Dr.,80 members,,,,
Cleveland County Astronomical Society,Boiling Springs Williams Obs. at Gardner-Webb University,704-434-4433,,,,
Clovis Astronomy Club,Clovis 3517 Corlington,9 members,,,,
Coconino Astronomical Society,Flagstaff 691 Kachina Trail,16 members,,,,
College of the Mainland Astronomy Club,Texas City Division of Natural Science at 1200 Amburn Rd.,409-938-1211 ext. 325,,,,
Colorado Astronomy & Space Research Organiza,Clifton P.O. Box 572,http://www.coloradoastronomyandspac,,,,
Colorado Springs Astronomical Society,Colorado Springs PO Box 38121,87 members,,,,
Columbus Astronomical Society,Columbus P.O. Box 163004,220 members,,,,
Corpus Christi Astronomical Society,Corpus Christi 3814 Marion St.,10 members,,,,
Cosmo Astronomical Society,Pine Hills 3415 Silverwood Dr.,http://personal.mco.bellsouth.net/~,,,,
Crossroads Astronomy Club,Nursery P.O. Box 180,22 members,,,,
Crystal River High School Astronomy Club,Crystal River 1205 N. E. 8th Avenue,Novice club that meets monthly during school hours to study and promote interest in astronomy.,,,,
Cumberland Astronomical Society,Gallatin P.O. Box 1733,30 members,,,,
Custer Institute Astronomy Club,Jamesport 448 Herricks Lane,100 members,,,,
Cuyahoga Astronomical Assn.,N. Olmstead PO Box 868,120 members,,,,
Dakota Astronomical Society,Bismarck 757 Munich Dr.,50 members,,,,
Decatur Area Astronomy Club,Decatur 39 Whippoorwill Dr,http://www.decaturastronomy.com,,,,
Delaware Astronomical Society,Wilmington P.O. Box 652,302-655-3230,,,,
Delaware Valley Amateur Astronomers,"Drexel Hill 477 Turner Avenue
","meets in Radnor, PA",,,,
Delmarva Star Gazers,Smyrna 514 Marilyn Rd.,http://www.delmarvastargazers.org,,,,
Delta Astronomical Society,Escanaba 800 S. 15th St.,30 members,,,,
Denver Astronomical Society,Denver Chamberlin Obs. at 2930 E. Warren Ave.,http://www.denverastrosociety.org,,,,
Des Moines Astronomical Society Inc.,Des Moines P.O. Box 111,40 members,,,,
Desert Skygazer Astronomy Club,Pima PO Box 1134,928-485-7017,,,,
Detroit Astronomical Society,Clarkston 9590 Ridgetop Trail,48348,,,,
Dinosaur Hill Astro. Society,Rochester 502 Whims Lane,20 members,,,,
Door Peninsula Astronomical Society,Sturgeon Bay 2041 Michigan Ave.,48 members,,,,
Double Star Observer,Saugus 306 Reynolds Drive,781-231-1558,,,,
Downeast Amateur Astronomers,Pembroke P.O. Box K,20 members,,,,
East Central Wisconsin Astronomers,Pine River N3714 30th Drive,20 members,,,,
East Valley Astronomy Club,Mesa PO Box 2202,235 members,,,,
Eastbay Astronomical Society,Oakland Chabot Observatory at 10000 Skyline Blvd,200 members,,,,
Eastern Michigan Univ. Astronomy Club,Ypsilanti 303 Strong Hall,20 members,,,,
Eastern Missouri Dark Sky Observers,MO Washington,10 members,,,,
Eastside Astronomical Society,Bellevue P.O. Box 7482,135 members,,,,
El Paso Astronomy Club,El Paso 6531 Boeing Drive,http://www.elpasoastronomy.org,,,,
El Valle Astronomy Club,Embudo P.O. Box 126,87531,,,,
Elmira-Corning Astronomical Society,Elmira 5 Cardinal Lane,74 members,,,,
Erie County Mobile Observers Group,Erie 5840 Georgetown Drive,50 members,,,,
Escambia Amateur Astronomers Assn.,Pensacola Dept. of Physical Sciences (Pensacola Jr. College) at 1000 College Bvd.,150 members,,,,
Eugene Astronomical Society,Eugene P.O. Box 7264,http://www.eugeneastro.org,,,,
Evansville Astronomical Society Inc.,Evansville P.O. Box 3474,80 members,,,,
Everett Astronomical Society,Everett PO Box 12746,60 members,,,,
Everglades Astronomical Society,Naples 754 101st Ave. N.,40 members,,,,
Excelsior Telescope Club,Lakewood St. Pancratius Catholic Church at 3519 St. Pancratius Place,30 members,,,,
Fairfield County Astronomical Society,Stamford Stamford Museum Obs. at 39 Scofieldtown Rd.,45 members,,,,
Fargo-Moorhead Astronomical Club,Moorhead M.S.U. Planetarium at Moorhead State University,23 members,,,,
FirstLight Astronomy Club,Temecula 31555 Rancho Vista,http://www.pe.net/~frstlght/,,,,
FIT Astronomy Society,Melborne Physics Dept. (Florida Institute of Technology) at 150 W. University Blvd.,40 members,,,,
Flint River Astronomy Club,Hampton 190 West James Circle,40 members,,,,
Ford Amateur Astronomy Club,Dearborn P.O. Box 7527,160 members,,,,
Forsyth Astronomical Society,Winston-Salem P.O. Box 30128,50 members,,,,
Fort Bend Astronomy Club,Sugar Land 2806 Field Line Dr.,124 members,,,,
Fort Wayne Astronomical Society Inc.,Fort Wayne P.O. Box 11093,102 members,,,,
Fort Worth Astronomical Society,Fort Worth P.O. 471162,150 members,,,,
Fox Valley Astronomical Society,Wasco P.O. Box 38,facebook.com/FVASinfo/,,,,
Fox Valley Sky Watchers,Sleepy Hollow 164 Hilltop Lane,15 members,,,,
Fremont Peak Obs. Assn.,San Juan Bautista P.O. Box 1376,http://www.fpoa.net,,,,
Friends of Galileo Astronomy Club,Longview 175 Scenic View Dr.,http://www.friendsofgalileo.org,,,,
The Cincinnati Observatory Center,Cincinnati 3489 Observatory Place,300 Members,,,,
Galileo Group,Greenville 242 S. Poplar St.,10 members,,,,
Gaston County Skywatchers,Gastonia Schiele Museum at Franklin Blvd,NC,,,,
General Dynamics Astronomy Club,Fort Worth 3400 Bryant-Irvin Rd.,65 members,,,,
Genesee Astronomical Society,Flint Robert Longway Planetarium at 1310 E. Kearsley St.,35 members,,,,
Gloucester Area Astronomy Club,Gloucester 1123 Washington Street,31 members,,,,
Goddard Astronomy Club,Greenbelt Code 440.8/Lockheed at NASA/Goddard Space Flight Center,41 members,,,,
Grand Rapids Amateur Astronomical Assn.,Lowell 3380 Kissing Rock Rd.,200 members,,,,
Grand Traverse Astronomical Society,Traverse City Joseph H. Rogers Obs. (NW Michigan College) at Birmley Rd.,50 members,,,,
Greater Hazleton Area Astronomical Society,Conyngham P.O. Box 1032,70 members,,,,
Greater Ocala Astronomy Club,Ocala 1 Midway Track Place,32 members,,,,
Greenbelt Astronomy Club,Lanham Owens Science Center at 9601 Greenbelt Rd.,http://lheawww.gsfc.nasa.gov/docs/o,,,,
Greensboro Astronomy Club,Greensboro Natural Science Center at 4301 Lawndale Dr.,40 members,,,,
Group 70 Large Amateur Telescope Project,San Leandro 1689 Abram Ct.,http://www.hpl.hp.com/astro/group70,,,,
Halifax Skywatchers,Nathalie P.O. Box 22,12 members,,,,
Halls Valley Astronomical Group,San Jose 1127 Sierra Ave.,37 members,,,,
Harford County Astronomical Society,Joppa 608 Falconbridge Drive,60 members,,,,
Hawaiian Astronomical Society,Honolulu P.O. Box 17671,http://www.hawastsoc.org/,,,,
Heartland Astronomical Research Team,Topeka P.O. Box 3938,5 members,,,,
Hercules Stargazers,Richmond 6102 Sacramento Ave.,15 members,,,,
High Desert Astronomical Society,Apple Valley 20702 Thunderbird Rd.,45 members,,,,
High Desert Astronomy Club,Kingman 2770 Broken Arrow St.,30 members,,,,
High Plains Astronomy Club,Elbert 13265 Bozeman Trail,8 members,,,,
Hildene Astronomy Club,Manchester PO Box 377,"Telescope: Warner & Swasey, 1909; Objective Lens: 6"" Brashear achromatic; 80""focal ratio",,,,
Holmen Astronomy Club,WI Holmen,6 Members,,,,
Houston Astronomical Society,Houston P.O. Box 20332,300 members,,,,
Howard Astronomical League,Columbia P.O. Box 641,50 members,,,,
Huachuca Astronomy Club of Southeastern Ariz,Sierra Vista 2310 E. Suma Drive,50 members,,,,
Idaho Falls Astronomical Society,Idaho Falls 1710 Claremont Lane,18 members,,,,
Idyll-Gazers Astronomy Club,Idyllwild P.O. Box 1245,50 members,,,,
Indian River Astronomical Society,Vero Beach 6055 College Lane,32966,,,,
Indiana Astronomical Society Inc.,Mooresville 3820 E. Wilson Drive,180 members,,,,
International Assoc for Astronomical Studies,Strasburg 1155 Yellow Jacket Rd,facebook.com/IAASorg/,,,,
Iowa City Astronomy Club,Iowa City P.O. Box 325,20 members,,,,
Ithaca Amateur Astronomers,NY Ithaca,http://www.southerncayuga.org/Planetarium/Astronomyhome.htm,,,,
Jackson Astronomical Assn.,Clinton P.O. Box 766,40 members,,,,
Jackson Hole Astronomy Club,Moran Box 123,45 members,,,,
Johnson County Middle School Astronomy Club,Paintsville 251 N. Mayo Trail,(606)789-4133,,,,
Johnson Space Center Astronomical Society,Houston 16335 Brookford Drive,http://www.ghg.net/cbr/jscas/,,,,
JSC Astronomical Society,Baycliff 4802 Redfish Reef,80 members,,,,
Junior Astronomy Club of St. Tammany,Slidell 113 N. Randall Drive,504-646-0285,,,,
Kalamazoo Astronomical Society,Kalamazoo 600 West Vine - Suite 400,175 members,,,,
Kanawha Valley Astronomical Society (KVAS),Charleston Breezy Point Observatory,http://www.kvas.org,,,,
Kanawha Valley Astronomical Society Inc.,Cross Lanes 5292 Questa Dr.,35 members,,,,
Kankakee Area Stargazers,Bourbonnais Olivet University,60914,,,,
Kansas Astronomical Observers,Wichita P.O. Box 49013,30 members,,,,
Kansas Astronomy Village,Blue Springs 304 E. Agler Dr,816-229-2394,,,,
Kaua'i Educational Assn. for Science and Ast,Waimea P.O. Box 161,808-245-8250,,,,
Keene Amateur Astronomers Inc.,Alstead RR1 Box 256-A,25 members,,,,
Kennedy Space Center Amateur Astronomers,Titusville 7523 Windover Way,http://www.4saleusa.net/kscaa,,,,
Kern Astronomical Society Inc.,Bakersfield 3308 Dartmouth St.,60 members,,,,
Keystone Oaks High School Astronomy Club,Pittsburgh 1000 Kelton Ave.,412-571-6042 412-571-6048,,,,
Kids Astro Camp,South Bend 3121 Weist Lane,Astronomy camps for kids 10-12,,,,
Kingsville Astronomical Society,Kingsville P.O. Box 5918,http://www.geocities.com/kingsville,,,,
Kiski Astronomers,Cabot 112 Old Pike Lane,25 members,,,,
Knoxville Observers Astronomy Club,Knoxville 1708 Gillespie Av,http://www.knoxvilleobservers.org,,,,
Kokomo Astronomy Club,Kokomo Dept. of Physics at Indiana University,15 members,,,,
Kopernik Astronomical Society,Vestal 698 Underwood Rd.,100 members,,,,
L5 Society of Philadelphia,Lansdale 1825 Flintlock Circle,215-855-7130,,,,
Lackawanna Astronomical Society,Clarks Summit 1112 Fairview Rd.,110 members,,,,
LaCrosse Area Astronomical Society,LaCrosse Physics Dept. at University of Wisconsin,http://www.uwlax.edu/planetarium/laas.html,,,,
Lake County Astronomical Society,Ingleside Volo Bog State Natural Area at 28478 W. Brandenburg Road,100 members,,,,
Lake Erie West Astronomical Society,Toledo 2805 118th St.,419-726-0385 eve 734-242-,,,,
Lake Tahoe Astronomers,S. Lake Tahoe P.O. Box 14271,6 members,,,,
Las Vegas Astronomical Society,Las Vegas 123 Las Vegas,1st Thu of each month at College of Southern Nevada,,,,
Lea County Astronomical Society,Hobbs New Mexico Junior College at 5317 Lovington Highway,505-392-5305 x 323,,,,
Lehigh Valley Amateur Astronomical Society,Allentown Joe Grady Planetarium at 3559 E. Rock Rd.,610-398-7295,,,,
Lemon Bay High School Astronomy Club,Englewood 2201 Placida Rd.,20 members,,,,
Leonardo's Star Quest Astronomy Club,Enid 200 East Maple St.,http://www.leonardos.org,,,,
Lima Astronomical Society,Lima P.O. Box 201,See event schedule for Schoonover Observatory at website above.,,,,
Lincoln County Stargazers,Troy 341 Monroe St.,25 members,,,,
Little Thompson Observatory,Berthoud 850 Spartan Avenue,http://www.starkids.org,,,,
Local Group of Deep Sky Observers,Bradenton 2311 23rd Ave. W.,100 members,,,,
Local Group of Santa Clarita Valley,Santa Clarita P.O. Box 221296,http://www.lgsvc.org,,,,
Lockport Astronomy Assn.,Lockport 7053 Northview Dr.,716-433-4706,,,,
Long Island Observers Assn.,Huntington 3 Merriwood Ct.,11743-3009,,,,
Longmont Astronomical Society,Longmont P.O. Box 8029,40 members,,,,
Los Angeles Astronomical Society,Los Angeles 2800 E. Observatory Rd.,430 members,,,,
Los Angeles Sidewalk Astronomers,Hollywood 1946 Vedanta Place,additional website www.sidewalkastronomers.com,,,,
Los Angeles Valley College Astronomy Club,Van Nuys 5800 Fulton Ave.,25 members,,,,
Louisville Astronomical Society,Louisville P.O. Box 701043,114 members,,,,
Lowcountry Stargazers,Summerville 5246 Braddock Ave,http://www.lowcountrystargazers.org,,,,
MaconState College Astronomy Club,Macon 100 College Station Rd.,912-471-2827,,,,
Madison Astronomical Society Inc.,Madison 1605 South Park Street,100 members,,,,
Magic Valley Astronomical Society,Jerome 706 E. 200 South,19 members,,,,
Mahoning Valley Astronomical Society,Newton Falls 1076 State Rte. 534,67 members,,,,
Marquette Astronomical Society,Marquette P.O. Box 761,50 members,,,,
MARS Astronomy Club,Tampa 821 Settlers Rd,25 members,,,,
Martha's Vineyard Astronomy Club,Chilmark P.O. Box 141,16 members,,,,
Mattatuck Astronomical Society,Waterbury Naugatuck Valley Community Technical College,60 members,,,,
Maui Astronomy Club,Maui P.O. Box 12501,10 members,,,,
McDonnell-Douglas Amateur Astronomers,Florissant 3491 Heather Trail,35 members,,,,
Medina County Astronomical Society,Medina 4532 Ledgewood Drive,http://users.zoominternet.net/~matt,,,,
Memphis Astronomical Society,Memphis 4169 Rainey Woods Rd.,60 members,,,,
Merced Society for Telescope & Astronomy Rec,Merced 928 W. 9th St.,25 members,,,,
Meteor Group Hawaii,Ocean View P.O. Box 6692,15 members,,,,
Miami Valley Astronomical Society,Dayton Dayton Museum of Natural History at 2600 DeWeese Parkway,100 members,,,,
Michiana Astronomical Society,South Bend P.O. Box 262,20 members,,,,
Middle Georgia Astronomical Society,Macon Museum of Arts and Sciences,25 members,,,,
Middle Tennessee Astronomical Society,Smyrna 306 Ella Street,http://mtas.tnsky.com,,,,
Mid-Hudson Astronomical Association,Poughkeepsie c/o Rick Versace / PO Box 3640,60 members,,,,
Midlands Astronomy Club,Columbia P.O. Box 2527,50 members,,,,
Midwestern Astronomers,Fort Wright 1720 Monticello Dr.,18 members,,,,
Millstream Astronomy Club,Findlay 2019 Sterling Ct.,40 members,,,,
Milwaukee Astronomical Society,New Berlin 18850 W Observatory Rd,80 members,,,,
Minnesota Astronomical Society,Minneapolis P.O. Box 583011,350 members,,,,
Mission Valley Astronomy Club,Ravalli P.O. Box 630064,http://www.geocities.com/mvac_mt/index.html,,,,
Mobile Astronomical Society,Mobile 1207 Selma St.,30 members,,,,
Mohawk Valley Astronomical Society,NY Clinton,http://www.mvas-ny.org/,,,,
Morris Museum Astronomical Society,Morristown 6 Normand Heights Rd.,40 members,,,,
Mount Diablo Astronomical Society,Walnut Creek PO Box 4889,165 members. Monthly meeting.,,,,
Mount Tam Observers,San Rafael 89 Dominican Dr.,415-454-4715,,,,
Mount Wilson Observatory Assn.,Pasadena P.O. Box 70076,http://www.mtwilson.edu/mwoa.html,,,,
Mountain Skies Astronomical Society,Lake Arrowhead P.O. Box 1169,310 members,,,,
Mt. Diablo Observatory Assoc. Inc.,Walnut Creek P.O. Box 3165,http://www.mdia.org/astronomy.htm,,,,
Mt. Hood Observatory Assn.,Gresham 29404 SE Dodge Park Blvd,http://www.starstuff.com/mhoa.htm,,,,
Muncie Astronomy Club,Farmland 8256 W CR 300 S,35 members,,,,
Muscle Shoals Astronomical Society Inc.,Florence 121 W. Lee Ave.,14 members,,,,
Muskegon Astronomical Society,Muskegon 702 North Maple Island Rd,26 members,,,,
N.E.R.D.S.,Steele P.O. Box 580,256-547-1400,,,,
Naperville Astronomical Assn.,IL Naperville,120 members,,,,
National Capital Astronomers,Bethesda 8924 Ridge Place,250 members,,,,
National Deep Sky Observer's Society,Louisville 1607 Washington Blvd.,100 members,,,,
National Public Observatory Inc.,Radium Springs P.O. Box 19,http://www.astronomy-national-publi,,,,
Neuman Astronomical Society,Helena Carroll College at 1601 North Benton Avenue,Oldest observatory in Montana  Observatory with 12.5 inch reflector.,,,,
Neville Museum Astronomical Society,Green Bay 1081 Raleigh St.,http://npmas.org,,,,
New Hampshire Astronomical Society,Manchester P.O. Box 5823,140 members,,,,
New Jersey Astronomical Assn.,High Bridge P.O. Box 214,370 members,,,,
New Mexico Tech Astronomy Club,Socorro Frank T. Etscorn Campus Obs.,40 members,,,,
Night Sky Observers,KY Louisville,Public outreach,,,,
NightSky 45 Astronomy,Jefferson 13566 Parrish Gap Rd. SE,541-327-2839,,,,
Norfolk Astronomical Society,Chesapeake 2808 Flag Rd,12 members,,,,
North Central Kansas Astronomical Society,Manhattan 3711 Birch CT,http://www.nckas.org,,,,
North East Wisconsin Stargazers,Oshkosh P.O. Box 161,80 members from Green Bay-Appleton-Oshkosh area.,,,,
North Georgia Astronomers,Gainesville P.O. Box 5103,25 members,,,,
North Houston Astronomy Club,Kingwood Kingwood College,160 members,,,,
North Jersey Astronomical Group,Clifton P.O. Box 1472,50 members,,,,
North Shore Amateur Astronomy Club,Groveland 201 Washington Street,120 members,,,,
North Star Astronomical Society (NSAS),MI Gaylord,Monthly meetings at Peace Lutheran Church on 2nd Wed at 7pm.,,,,
North Star Astronomy Club,Brainerd 606 South 8th St.,218-829-4029,,,,
North Texas Skywatch,Azle 113 Valley View,817-238-9883,,,,
Northeast Arkansas Sky Crew,State University P.O. Box 4217,35 members,,,,
Northeast Florida Astronomical Society Inc.,Jacksonville 2321 Camden Ave.,70 members,,,,
Northeast Kansas Amateur Astronomers League,Topeka P.O. Box 951,40 members. Farpoint Observatory - 0.7m reflector,,,,
Northeast Nebraska Astronomy Club,Norfolk 710 S. 4th,11 members,,,,
Northern Berkshire Amateur Astronomy Club,Adams 25 Park St.,413-743-9176,,,,
Northern Cross Science Foundation,WI Ozaukee County,60 members,,,,
Northern Illinois Stargazers,Dixon 1672 Hill Drive,815-288-5183,,,,
Northern Illinois University Astronomical So,DeKalb Davis Hall Obs. at Faraday West,10 members,,,,
Northern Skies Astronomical Society,Grand Forks Box 9008,20 members,,,,
Northern Virginia Astronomy Club,VA Centreville,1050 members,,,,
Northwest Astronomy Group,Vernonia 55371 McDonald Rd.,60 members,,,,
Northwest Iowa Astronomers,Cherokee Sanford Museum & Planetarium at 117 E. Willow St.,75 members,,,,
Northwest Ohio Visual Astronomers,Cygnet 6341 Loe Rd.,419-655-2391,,,,
Northwest Oklahoma Astronomy Club,Enid 1719 Pawnee,55 members,,,,
Northwest Suburban Astronomers,Des Plaines 199 Brentwood Dr.,100 members,,,,
NOVAE,St. Clairsville 49080 Randal Dr,25 members,,,,
Oakland Astronomy Club,St. Clairsville 49080 Richland Acres,25 members,,,,
Oceanside Photo and Telescope Astronomical S,Oceanside 918 Mission Ave.,180 members,,,,
Odyssey Astronomy Club,Wanette Rt 2 Box 154,48 members,,,,
Ogden Astronomical Society,Roy 2336 W. 5650 South,55 members,,,,
Oglethorpe Astronomical Assn.,Savannah 212 E. Oglethorpe Ave.,35 members,,,,
Ohio Valley Astronomical Society,Huntington #1 Highlander Way,20 members,,,,
Oil Region Astronomical Society,Oil City P.O. Box 1535,50 members,,,,
Oklahoma City Astronomy Club,Oklahoma City PO Box 22804,Oklahoma City Astronomy Club holds its monthly meeting at Science Museum Oklahoma,,,,
Olean Area Amateur Astronomy Group,Allegany 2264 Cheese Factory Rd.,10 members,,,,
Olympic Astronomical Society,Keyport P.O. Box 458,80 members,,,,
Olympus Mons,Arlington University of Texas Physics Dept.,http://www.olympusmons.org,,,,
Omaha Astronomical Society,Omaha 4509 Seward St.,71 members,,,,
Orange County Astronomical Association (OCCA,NY Chester,http://ocastronomy.org.,,,,
ORION (Oak Ridge Isochronous Observation Net,Knoxville 4412 Damas Rd.,50 members,,,,
Ozarks Amateur Astronomers Club,Springfield 901 S. National,38 members,,,,
Pajarito Astronomers,Los Alamos P.O. Box 1092,45 members,,,,
Palomar Observatory,Palomar Mountain P.O. Box 200,http://www.astro.caltech.edu/paloma,,,,
Peninsula Astronomical Society,Mountain View P.O. Box 4542,250 members,,,,
Penn State Astronomy Club,University Park 202 HUB,50 members,,,,
Penobscot Valley Star Gazers,Stockton Springs 609 Cape Jellison Road,25 members,,,,
Peoria Astronomical Society Inc.,Peoria 1125 W. Lake St.,124 members,,,,
Phoenix Astronomical Society,Phoenix 3039 W Peoria Ave,90 members,,,,
Piedmont Amateur Astronomers,Statesville 182 Rumple Hill Dr.,25 members,,,,
Piedmont Astronomy Club Inc.,Collinsville 176 Lackey Road,14 members,,,,
Pittsfield Astronomy Club,Pittsfield 35 Brenton Ter.,http://www.astronomy.netfirms.com,,,,
Planetary Studies Foundation,Algonquin 812 Chatham Circle,http://planets.org,,,,
Pocatello Astronomical Society,Pocatello 27 Valleyview Drive,208-233-0711,,,,
Polaris Astronomical Society,Moorpark 4375 Clearwood,50 members,,,,
Polaris Observatory Association Inc.,Somis P.O. Box 734,10 members,,,,
Pomona Valley Amateur Astronomers,Upland P.O. Box 162,112 members,,,,
Pontchartrain Astronomy Society Inc.,Kenner 409 Williams Blvd.,160 members,,,,
Popular Astronomy Club Inc.,Rock Island 2535 45 St.,72 members,,,,
Prairie Astronomy Club,Lincoln P.O. Box 5585,100 members,,,,
Prescott Astronomy Club,Mayer P.O. Box 1178,20 members,,,,
Ptolemy Schwartz Astronomical Society,New York 530 W. 113th St.,10025,,,,
Quad Cities Astronomical Society,Davenport P.O. Box 3706,Hosts annual Eastern Iowa Star Party,,,,
Quad Cities Astronomy Club,Cordova 21614 River Road,61242,,,,
Racine Astronomical Society,Union Grove 112 63rd Dr.,90 members,,,,
Rainwater Astronomers Assn.,French Camp 1 Fine Place,http://rainwater.astronomers.org,,,,
Raleigh Astronomy Club Inc.,Raleigh P.O. Box 10643,70 members,,,,
Rappahannock Astronomy Club,Spotsylvania P.O. Box 868,http://www.raclub.org,,,,
Red River Astronomy Club,Texarkana 710 Walker Ln,"Members from Arkansas, Oklahoma, Texas, and Louisiana",,,,
Richland Astronomical Society,Mansfield P.O. Box 1118,35 members,,,,
Richmond Astronomical Society,Richmond 11536 Smoketree Dr,70 members,,,,
Rio Hondo Astronomical Society,Whittier 14517 E. Broadway,12 members,,,,
Rio Rancho Astronomical Society,Rio Rancho 609 Valley Meadows Dr. NE,21 members,,,,
Rittenhouse Astronomical Society,Haverford 216 Elbow Lane,70 members,,,,
River Bend Astronomy Club,IL St. Jacob,30 members,,,,
River Bend Astronomy Club,St. Louis 4579 Laclede Avenue PMB 439,http://riverbendastro.org,,,,
River Valley Stargazers,Dover 63 Observatory Lane,20 members,,,,
Riverside Astronomical Society,Riverside P.O. Box 51222,200 members,,,,
Roanoke Valley Astronomical Society,Fincastle 932 Lee Lane,80 members,,,,
Rochester Academy of Sciences Astronomy Sect,Rochester PO Box 20292,250 members,,,,
Rochester Astronomy Club,Rochester 3705 Halling Place SW,20 members,,,,
Rock Valley Astronomical Society,Janesville 3903 Wilshire Lane,20 members,,,,
Rockford Amateur Astronomers Inc.,Rockford 6804 Alvina Rd.,52 members,,,,
Rockland Astronomy Club,Suffern 214 Route 59 Suite 10-304,170 members.,,,,
Rocky Mountain Astronomy Club,Pueblo 63 Portero,65 members,,,,
Roper Mountain Astronomers,Greenville P.O. Box 25665,60 members,,,,
Rose City Astronomers,Portland Museum of Science & Ind at 1945 SE Water Ave.,330 members,,,,
Rose-Hulman Astronomical Society,Terre Haute 5500 Wabash Ave,Thu nights at 8 pm,,,,
Ryerson Astronomical Society,Chicago 1100 E. 58th St. Box 8,15 members,,,,
Sacramento Valley Astronomical Society,Sacramento P.O. Box 15274,http://www.svas.org,,,,
Saguaro Astronomy Club,Phoenix 7714 N. 36th Ave.,95 members,,,,
Salina Astronomy Club,Salina 803 Mike Drive,20 members,,,,
Salt Lake Astronomical Society,Salt Lake City P.O. Box 26114,160 members,,,,
San Angelo Astronomy Association,San Angelo P.O. Box 60391,30 members,,,,
San Antonio Astronomical Assn.,San Antonio P.O. Box 701261,240 members,,,,
San Antonio Astronomical Observers Group,San Antonio 5145 Smith Road,30 members,,,,
San Bernardino Valley Amateur Astronomers,Redlands County Museum at 2024 Orange Tree Ln.,75 members,,,,
San Diego Astronomy Assn.,San Diego P.O. Box 23215,531 members,,,,
San Francisco Amateur Astronomers,San Francisco PO Box 15097,350+ members,,,,
San Francisco Sidewalk Astronomers,San Francisco 1801 Golden Gate Ave.,http://members.aol.com/raycash/side,,,,
San Jose Astronomical Association,San Jose P.O. Box 28243,http://www.sjaa.net,,,,
San Mateo County Astronomical Society,San Mateo P.O. Box 974 Station A,"Founded 1960. Covers San Mateo County, CA. Meets 1st Friday of month, San Mateo College Planetarium",,,,
Sandusky Valley Amateur Astronomy Club,Tiffin 650 SW Washington St.,http://www.friendlynet.com/astronom,,,,
Sangamon Astronomical Society,Springfield 4501 Greenbriar Drive,22 members,,,,
Santa Cruz Astronomy Club,Santa Cruz L-2 San Carlos Lane,60 members,,,,
Santa Monica Amateur Astronomy Club,Woodland Hills 5525 Canoga Ave. Apt. 208,48 members,,,,
SB Astronomical Unit,Santa Barbara Museum of Natural History at 2559 Puesta Del Sol Road,first Fri of every month from 7:30-9PM,,,,
Seattle Astronomical Society,Seattle P.O. Box 31746,233 members,,,,
Seven Ponds Astronomy Club,Dryden 3854 Crawford Rd.,http://www.geocities.com/jelines,,,,
Sheboygan Astronomical Society,Fond du Lac N5427 Grandview Rd.,28 members,,,,
Sheep Hill Astronomical Assn.,Boonton P.O. Box 111,30 members,,,,
Shenandoah Astronomical Society,Middletown c/o Lord Fairfax Community College,41 members,,,,
Shenandoah Valley Stargazers,Harrisonburg 745 Circle Drive,http://www.valleystargazers.com,,,,
Shoreline Amateur Astronomical Assn.,Holland 3882 62nd St.,25 members,,,,
Shreveport-Bossier Astronomical Society Inc.,Shreveport 353 Ockley Dr.,60 members,,,,
Sidewalk Astronomers of Sacramento,Sacramento 3728 Schutt Way,15 members,,,,
Sidewalk Astronomers of SASI International,Irving 3808 N. Beltline #119,120 members,,,,
Silver Lake Regional High School Astronomy C,Kingston 260 Pembroke St.,2364,,,,
Tri State Astronomical Society,SD Sioux Falls,http://www.tristateastro.org,,,,
Sir Isaac Newton Astronomical Society,Kane P.O. Box 591,10 members,,,,
Sirius Lookers of Sedona,Sedona P.O. Box 87,28 members,,,,
Skokie Valley Astronomers,Warrenville 1 S. 751 Avon Dr.,24 members,,,,
Skyland Star Gazers,East Hanover 6 Deforest Ave.,201-386-1848,,,,
Skyscrapers Inc.,North Scituate 47 Peeptoad Rd.,120 members,,,,
Langley Exchange Skywatchers Astronomy Club,Hampton NASA Langley Research Center - Mail Stop 308,20 members,,,,
Small Scope Observers Assn.,Audubon Park 4 Kingfisher Place,24 members,,,,
Smoky Mountain Astronomical Society,Knoxville P.O. Box 53265,50 members,,,,
Society for Scientific Exploration,Charlottesville P.O. Box 3818,http://www.scientificexploration.or,,,,
SolaFide Observatory,Austin 407 15 St SE,10 members,,,,
Sonoma County Astronomical Society,Santa Rosa P.O. Box 183,250 members,,,,
Sonora Astronomical Society,Green Valley 101 Verde Vista,68 members,,,,
South Bay Astronomical Society,El Segundo 401 Coral Circle,75 members,,,,
South Florida Amateur Astronomers Assn.,Fort Lauderdale Robert Markham Park at 16001 West St.,70 members,,,,
South Jersey Astronomy Club,Port Elizabeth P.O. Box 120,150 members,,,,
South Plains Astronomy Club,Lubbock RR2 Box 240,35 members,,,,
South Shore Astronomical Society,Scituate 34 Sylvester Rd.,50 members,,,,
South Texas Astronomical Society,TX Brownsville,facebook.com/STARSocietyRGV/,,,,
Southeastern Iowa Astronomy Club,West Burlington P.O. Box 14,40 members,,,,
Southern California Observers,Simi Valley 2010 Hillgate Way #L,60 members,,,,
Southern Colorado Astronomical Society,Pueblo 3 Sundance Ct.,30 members,,,,
Southern Cross Astronomical Society,Miami 5401 SW 110th Ave.,200 members,,,,
Southern Maryland Astronomical Society,Marbury P.O. Box 373,http://www.smas.us,,,,
Southern Oregon Skywatchers,Medford P.O. Box 4092,75 members,,,,
Southern Tier Astronomy Recreation Society,Bemus Point 4208 Bayview Rd.,40 members,,,,
Southtowns Astronomy Club,West Seneca 145 Woodward,716-649-6759,,,,
Southwest Montana Astronomical Society,Bozeman Taylor Planetarium,55 members,,,,
Southwest Washington Astronomical Society,Olympia 2513 Wiggins Rd.,35 members,,,,
Spokane Astronomical Society (SAS),Spokane PO Box 8114,http://www.spokaneastronomy.org  ,,,,
Springfield Astronomical Society.,Nixa 875 N. Katrina St.,31 members,,,,
Springfield Stars Club,Springfield P.O. Box 2793,70 members,,,,
Springfield Telescope Makers,Springfield P.O. Box 601,62 members,,,,
St. Louis Astronomical Society,Alton 911 Landgon St.,250 members,,,,
St. Petersburg Astronomy Club Inc.,St. Petersburg 7701 22nd Avenue N,270 members,,,,
Stanislaus Amateur Astronomers,Modesto 435 College Ave. at Modesto Jr. College,15 members,,,,
Star Astronomy Club,Laredo 4658 McPherson Apt C,100 members,,,,
STAR Astronomy Society Inc.,Red Bank P.O. Box 863,100 members,,,,
Stargazers of the Villages,Lady Lake 1040 Soledad Way,50 members,,,,
Starlight Astronomy Club,Duncansville 732 Cedarcrest Dr,25 members,,,,
Starlight Observers League (SOL),Wichita Falls 302 Galleon Drive,http://www.solhome.us,,,,
STARS - Students Taking Astronomy-Related Su,San Francisco Dept. of Astronomy at City College at 50 Phelan Ave.,10 members,,,,
Starsplitters of Wyalusing,Prairie du Chien PO Box 544,"Observatory in Wyalusing State Park.  Member programs, public and school programs, 2000 visitors/yr",,,,
Statesboro Area Astronomy Club,Statesboro Dept. of Physics at Georgia Southern University,50 members,,,,
Stilabower Public Observatory,Lamar 5th and Maple,417-682-3384,,,,
Stillwater Astronomy Club,Stillwater P.O. Box 2614,30 members,,,,
Stillwater Stargazers,Troy Brukner Nature Center at 5995 Horseshoe Bend Rd.,20 members,,,,
Stockton Astronomical Society,Stockton P.O. Box 243,135 members,,,,
Stonebelt Stargazers,Bedford P.O. Box 1112,http://www.mainbyte.com/stargazers/,,,,
Stony Ridge Obs. Inc.,Temecula PO Box 892769,25 members,,,,
Suffolk Astronomy Club,Shirley P.O. Box 703 Christ Baptist Church,516-399-1981,,,,
Sun City Palm Desert Astronomy Club,Palm Desert 78255 Griffin Dr.,92211-1816,,,,
Sunset Astronomical Society,Bay City 3423 Hidden,50 members,,,,
Susquehanna Valley Amateur Astronomers,Lewisburg Bucknell Univ.,20 members,,,,
Sweetwater Astronomical Society,Rock Springs 1113 Hilltop Dr.,55 members,,,,
Syracuse Astronomical Society Inc.,Syracuse 306 Parsons Drive,110 members,,,,
Tacoma Astronomical Society,Puyallup 6103 132nd St. E.,175 members,,,,
Tallahassee Astronomical Society,Tallahassee P.O. Box 824,"40 members, private dark sky site",,,,
Tar River Astronomy Club,Rocky Mount 225 S. Church St.,20 members,,,,
TCC Astronomical Society,Chesapeake 3113 Golden Hind Road,45 members,,,,
Temecula Valley Astronomers,Murrieta P.O. Box 1292,30 members,,,,
Tennessee Valley Astronomy Club,Fayetteville 276 Swan Creek Rd.,53 members,,,,
Texas Astronomical Society,Dallas P.O. Box 25162,518 members,,,,
Thames Amateur Astronomical Society,Gales Ferry 17 Partridge Hollow Rd.,30 members,,,,
The Albuquerque Astronomical Society,Albuquerque PO Box 50581,420 members,,,,
The Astronomy Connection,Los Gatos P.O. Box 134,http://www.seds.org/TAC,,,,
The Dark Sky Observers,Newton 87 Lincoln Laurel Road,12 members,,,,
The Gaston County Skywatchers,Gastonia Schiele Museum at 1500 E. Garrison Blvd,http://groups.yahoo.com/groups/gast,,,,
The Home Planetarium Assn.,Gallatin 1203 Hwy. 25,25 members,,,,
The Patient Astronomer,Silver Spring 2711 Harmon Rd.1,301-933-1596,,,,
The Sirius Stargazers Club,MI South Rockwood,40 members,,,,
The Southwest Florida Astronomical Society,Cape Coral PO Box 100127,http://www.theeyepiece.org,,,,
Tidewater Amateur Telescope Makers,Virginia Beach 677 Charlecote Dr.,30 members,,,,
Tidewater Community College Astronomical Soc,Chesapeake 3113 Golden Hind Rd.,30 members,,,,
Toledo Astronomical Assn. Inc.,Sylvania 4653 Longfellow Rd,50 members,,,,
Tonopah Astronomical Society,Tonopah PO Box 526,http://astronomynv.org/tonopah/,,,,
Treasure Coast Astronomical Society,Port St. Lucie 1755 SE Berkshire Blvd.,772-398-6237,,,,
Treasure Coast Astronomical Society,FL Fort Pierce,FL,,,,
Tri-State Astronomers,Hagerstown 823 Commonwealth Ave,"50 members, Open to Public, Everyone Welcome, 3rd Wednesday @ 7:30pm",,,,
Triad Action Astronomy Club,High Point 305 Gregg St,20 members,,,,
Tri-City Astronomy Club,Richland P.O. Box 651,41 members,,,,
Tri-State Astronomers,Falling Waters 70 Narrow Lane,50 members,,,,
Tri-Valley Stargazers,Livermore P.O. Box 2476,189 members,,,,
Tucson Amateur Astronomy Assn.,Tucson P.O. Box 41254,390 members,,,,
Tulare Astronomical Assn. Inc.,Tulare P.O. Box 515,120 members,,,,
Tule River Amateur Astronomers,Springville P.O. Box 999,35 members,,,,
TUVA Astronomy Club,OK Checotah,http://www.tuvaclub.org,,,,
Twin City Amateur Astronomers Inc.,Normal 508 Normal Ave,50 members,,,,
Tychonian Observers,Glassboro Rowan University at 201 Mullica Hill Rd.,609-256-4500 X4379,,,,
Umpaqua Amateur Astronomers,Roseburg 3150 W. Military Ave.,18 members,,,,
United Astronomy Clubs of New Jersey Inc.,Blairstown 333 State Park Rd,12 astronomy clubs,,,,
University Lowbrow Astronomers,Ann Arbor 6655 Jackson Rd #415,100 members,,,,
University of Arizona Astronomy Club,Tucson Steward Obs.,20 members,,,,
Utah Valley Astronomy Assn.,Lindon 54 N. Canal Dr.,100 members,,,,
Valley of the Moon Astronomical Society,Glen Ellen P.O. Box 999,707-996-1246,,,,
Vandenberg Amateur Astronomical Society,Vandenberg AFB P.O. Box 5321,35 members,,,,
Ventura County Astronomical Society,Simi Valley P.O. Box 982,http://www.vcas.org,,,,
Vermont Astronomical Society,Williston P.O. Box 782,60 members,,,,
Village Star Gazers Society,Hot Springs Village 33 Mesero Way,39 members,,,,
Villanova Astronomical Society,Villanova Astronomy & Astrophysics at Villanova Univ.,http://www.phy.vill.edu/astro/vas/v,,,,
Von Braun Astronomical Society,Huntsville P.O. Box 1142,100 members,,,,
Wabash County Astronomical Society Inc.,Wabash PO Box 49,30 members,,,,
Wabash Valley Astronomical Society,West Lafayette P.O. Box 2020,35 members,,,,
Warren Astronomical Society,Warren P.O. Box 1505,112 members,,,,
Warren County Amateur Astronomy Club Inc.,Warren 310 E. Fifth Ave.,http://stargaze@penn.com,,,,
Warsaw Astronomical Society,Winona Lake 1308 Sunset Dr.,30 members,,,,
Washington State University Astronomy Club,WA Pullman,20 members,,,,
Wayne County Astronomical Society,Wooster P.O. Box 802,30 members,,,,
Wehr Astronomical Society,Franklin Wehr Nature Center at 9701 W. College Ave.,134 members,,,,
West Central Minnesota Astronomy Group,Willmar 622 9th St. SW,8 members,,,,
West Kentucky Amateur Astronomers,Dawson Springs 508 Park Ave.,44 members,,,,
West Texas Astronomers,Midland Blakemore Planetarium at 1705 W. Missouri,48 members,,,,
West Virginia University Astronomy Club,Morgantown P.O. Box 6315,25 members,,,,
Westchester Amateur Astronomers,Valhalla P.O. Box 44,200 members,,,,
Western Amateur Astronomers,Lafayette P.O. Box 412,http://www.waa.av.org/,,,,
Western Colorado Astronomy Club,Grand Junction P.O. Box 55032,25 members,,,,
Western Montana Astronomical Assn.,Missoula 4216 South Ave. West,20 members,,,,
Westminster Astronomical Society,Westminster 300 John Owings Road,14-inch Schmidt-Cassagrain,,,,
Westport Astronomical Society,Westport 182 Bayberry Lane,120 members,,,,
Whatcom Association of Celestial Observers,Ferndale P.O. Box 1721,45 members,,,,
Whitney Astronomy Assn.,North Richland Hills 7005 Southampton,http://whitney-astro.com,,,,
Wilderness Center Astronomy Club,Wilmot 9877 Alabama Ave. SW,20 members,,,,
Williamson County Astronomy Club,Georgetown 901 S. Church St.,25 members,,,,
Willingboro Astronomical Society,Gloucester P.O. Box 371,40 members,,,,
Winston-Salem Astronomical League,Winston-Salem 4231 Witherow Road,http://www.wsal.org,,,,
Winter Haven Astronomy Club,Winter Haven 1872 4th St SE,http://home.att.net/~whastro/,,,,
Yakima Astronomical Society,Yakima 801 Crest Drive,20 members,,,,
Yellowstone Valley Amateur Astronomers,Billings 1816 Miles Ave,40 members,,,,
York County Astronomical Society,York 400 Mundis Race Rd.,50 members,,,,
Astronomical Society of Greenwich,"Greenwich The Bruce Museum, Museum Drive","1st Wed 7:30pm, Oct-May (except Jan)",,,,
Roswell Astronomy Club,Roswell 807 N Missouri,4th Thu at 7pm Jan-Oct,,,,
Lipan Astronomy & Space Society,Lipan 1180 Addison Rd,http://lipan.net/~rradd/,,,,
Mt Shasta Star Gazers,Mt Shasta 309 N Mt Shasta Blvd,http://www.mtshastastargazers.com,,,,
Desert Foothills Astronomy Club,Anthem North Valley Regional Library,"http://www.dfacaz.org
",,,,
NW Jersey Amateur Astronomers ,NJ Blairstown,100 members,,,,
Carbon County Star Parties,UT Price,236 members,,,,
Fairmont Astronomy Club,Fairmont 404 E 1st street,facebook.com/https://m.facebook.com/groups/112990205391489?ref=bookmarks,,,,
General Motors Astronomy Club,Milford General Motors Milford Proving Ground,monthly public meetings,,,,
Star City Astronomy Network,Roanoke 3578 Berryhill Dr,8 members,,,,
Rim Astronomy Club,Payson 607 S Beeline Hwy Sp 6,16-in GoTo Dob, 12-in Dob, 14-in SCT, 12-in SCT, assorted
Cache Valley Astronmical Society,Nibley 2689 S 800 W,32 members,,,,
Central Texas Astronomical Society,Clifton 14801 FM 182,100+ members,,,,
Crystal Coast Stargazers,Harkers Island 103 Decoy Drive,40 members,,,,
Astronomy Club of Verrado,Buckeye 4239 North Village Street,300+ members,,,,
Amateur Astronomers Group,Alamogordo 509 Dog Canyon Road,facebook.com/https://www.facebook.com/AmateurAstronomersGroup/,,,,
Columbia Astronomers,Downey 12400 Columbia Way,https://nightsky.jpl.nasa.gov/club-view.cfm?Club_ID=1523,,,,
Sugar Creek Astronomical Society,AR Bella Vista,meets at Hobbs State Park Visitors Center,,,,
St Louis Astronomical Society,MO St Louis,meets at Washington University,,,,
Broken Arrow Sidewalk Astronomers,Broken Arrow 829 W Vicksburg St,facebook.com/BASideWalkAstronomer,,,,
Santa Fe Stargazers,Santa Fe 14 Avenida Torreon,meets at Vista Grande Library,,,,
